Year,Digital Payments,Digital Assets,Neobanking,Digital Investment,AverageGini,Average Gini
2022,475.38,98.51,59.54,45.6,,30.87039184467721
2023,511.41,141.04,83.57,54.19,,30.807202406588654
2024,547.08,165.48,100.2,57.44,,30.740198875666465
2025,578.13,177.75,112.02,58.83,,30.669381251909726
2026,612.44,183.14,119.65,59.45,,30.59474953531935
2027,643.95,186.85,124.28,59.75,,30.51630372589443
2028,674.62,188.79,127.03,59.95,,30.434043823635875
